Ruolo;Nome;Squadra;Costo d'acquisto;Quotazione Attuale;FVMp;Media Voto;Fanta Media;Partite Giocate (a voto);Prestito
Por;Pompei;Atalanta;0;1;1;0;0;0;
Por;Carnesecchi;Atalanta;39;17;28;6,83;6,17;3;
Por;Sportiello;Atalanta;1;1;1;0;0;0;
Dd Ds E;Jimenez A.;Fiorentina;17;8;11;5;4,75;2;
Dd E;Oyono A.;Frosinone;2;6;5;6,25;6,25;2;
Dd Ds E;Drameh;Genoa;1;4;6;0;0;0;
Ds E;Bernasconi;Atalanta;22;6;9;5,5;5,5;1;
Ds E;Bartesaghi;Milan;1;8;11;6;6;2;
Ds E;Kamara H.;Udinese;1;9;6;7;10;2;
Dc;Troilo;Parma;6;3;7;5,5;5,25;2;
Dc;Idzes;Sassuolo;5;7;10;6;6;1;
Dc;Doekhi;Lazio;6;8;8;6,25;6,25;2;
Dc;Gila;Milan;23;13;16;6,5;6,5;2;
E W;Moreira;Milan;42;11;23;0;0;0;
E C;Ellertsson;Genoa;8;7;10;5,5;5,5;3;
M C;Gaetano;Atalanta;14;8;18;5,67;5,67;3;
C T;Bakola;Sassuolo;1;6;7;6;6;2;
C T;Fazzini;Cagliari;13;7;12;5,5;5,25;2;
C T;Samardzic;Atalanta;40;13;22;6,33;7,33;3;
C T;McKennie;Juventus;21;17;35;6;6;1;
C;Douglas Luiz;Juventus;23;4;8;5,75;5,75;2;
C;Barella;Inter;30;18;41;6,17;6,5;3;
T;Unai Gomez;Udinese;1;6;7;5,5;5,5;1;
T;Liberali;Como;1;5;10;6;6;1;
W A;Gonzalez N.;Juventus;18;11;23;7,5;10,5;1;
W;El Shaarawy;Genoa;1;6;12;0;0;0;
Pc;Esposito F.P.;Inter;50;17;53;6,67;8;3;
Pc;Kolo Muani;Juventus;95;25;83;5,5;5,5;2;
